id;report_name;report_size;created_by;created_dt;status
1;Computer compressing customized;70268;transmitting Cambridgeshire;2021-03-04;Licensed users
2;innovative open architecture;58136;Home Loan Account connecting;2021-03-04;Rustic
3;Gambia;62099;Home Sierra Leone;2021-03-04;Investment Account Skyway
4;Unbranded Plastic Car;79568;bluetooth Optimization 24/7;2021-03-04;Gambia
5;interactive;63066;Rustic Concrete Tuna overriding auxiliary;2021-03-04;Vermont Buckinghamshire
6;Intelligent primary;83328;Coordinator;2021-03-04;bandwidth Bedfordshire Tasty
7;Infrastructure;82455;Regional withdrawal;2021-03-04;Branding Coordinator Markets
8;Illinois Product;56179;Czech Koruna fuchsia sensor;2021-03-04;Customizable Home Loan Account HTTP
9;Pants;51771;Mali Intelligent Metal Soap Movies;2021-03-04;Senior
10;Niger Strategist;40925;Rhode Island;2021-03-04;Czech Koruna
